{
  "v": "5.7.1",
  "fr": 30,
  "ip": 0,
  "op": 60,
  "w": 512,
  "h": 512,
  "nm": "AI Avatar Animation",
  "ddd": 0,
  "assets": [],
  "layers": [
    {
      "ddd": 0,
      "ind": 1,
      "ty": 4,
      "nm": "Circle",
      "sr": 1,
      "ks": {
        "o": {
          "a": 1,
          "k": [
            {
              "i": { "x": [0.833], "y": [0.833] },
              "o": { "x": [0.167], "y": [0.167] },
              "t": 0,
              "s": [100]
            },
            {
              "t": 30,
              "s": [50]
            },
            {
              "t": 60,
              "s": [100]
            }
          ]
        },
        "r": { "a": 0, "k": 0 },
        "p": { "a": 0, "k": [256, 256, 0] },
        "a": { "a": 0, "k": [0, 0, 0] },
        "s": {
          "a": 1,
          "k": [
            {
              "i": { "x": [0.833], "y": [0.833] },
              "o": { "x": [0.167], "y": [0.167] },
              "t": 0,
              "s": [100, 100, 100]
            },
            {
              "t": 30,
              "s": [110, 110, 100]
            },
            {
              "t": 60,
              "s": [100, 100, 100]
            }
          ]
        }
      },
      "ao": 0,
      "shapes": [
        {
          "ty": "gr",
          "it": [
            {
              "d": 1,
              "ty": "el",
              "s": { "a": 0, "k": [200, 200] },
              "p": { "a": 0, "k": [0, 0] }
            },
            {
              "ty": "st",
              "c": { "a": 0, "k": [1, 0.729, 0.157, 1] },
              "o": { "a": 0, "k": 100 },
              "w": { "a": 0, "k": 20 }
            },
            {
              "ty": "fl",
              "c": { "a": 0, "k": [1, 0.729, 0.157, 0.2] },
              "o": { "a": 0, "k": 20 }
            }
          ],
          "nm": "Circle Group",
          "np": 3
        }
      ]
    }
  ]
}
