{
  "v": "5.7.1",
  "fr": 29.9700012207031,
  "ip": 0,
  "op": 180.00000733155,
  "w": 500,
  "h": 500,
  "nm": "Interview Animation",
  "ddd": 0,
  "assets": [],
  "layers": [
    {
      "ddd": 0,
      "ind": 1,
      "ty": 4,
      "nm": "Interview Scene",
      "sr": 1,
      "ks": {
        "o": {
          "a": 0,
          "k": 100,
          "ix": 11
        },
        "r": {
          "a": 0,
          "k": 0,
          "ix": 10
        },
        "p": {
          "a": 0,
          "k": [250, 250, 0],
          "ix": 2
        },
        "a": {
          "a": 0,
          "k": [0, 0, 0],
          "ix": 1
        },
        "s": {
          "a": 0,
          "k": [100, 100, 100],
          "ix": 6
        }
      },
      "ao": 0,
      "shapes": [],
      "ip": 0,
      "op": 180.00000733155,
      "st": 0,
      "bm": 0
    }
  ],
  "markers": []
}
